Datetime,Water Level (m)
2025-02-11 18:00:00,-0.07837609
2025-02-11 19:00:00,0.14860977
2025-02-11 20:00:00,0.32431233
2025-02-11 21:00:00,0.40554166
2025-02-11 22:00:00,0.3320055
2025-02-11 23:00:00,0.1446113
2025-02-12 00:00:00,-0.013072572
2025-02-12 01:00:00,-0.13344017
2025-02-12 02:00:00,-0.23502372
2025-02-12 03:00:00,-0.33153462
2025-02-12 04:00:00,-0.420993
2025-02-12 05:00:00,-0.47516042
2025-02-12 06:00:00,-0.2810086
2025-02-12 07:00:00,-0.02669495
2025-02-12 08:00:00,0.16039772
2025-02-12 09:00:00,0.24923605
2025-02-12 10:00:00,0.19115956
2025-02-12 11:00:00,0.024230013
2025-02-12 12:00:00,-0.11736151
2025-02-12 13:00:00,-0.2318047
2025-02-12 14:00:00,-0.33147615
2025-02-12 15:00:00,-0.42394802
2025-02-12 16:00:00,-0.5036428
2025-02-12 17:00:00,-0.50987756
2025-02-12 18:00:00,-0.26134717
2025-02-12 19:00:00,0.0020133683
2025-02-12 20:00:00,0.23577657
2025-02-12 21:00:00,0.38931906
2025-02-12 22:00:00,0.40611526
2025-02-12 23:00:00,0.2451416
2025-02-13 00:00:00,0.058054723
2025-02-13 01:00:00,-0.08533353
2025-02-13 02:00:00,-0.1936942
2025-02-13 03:00:00,-0.293055
2025-02-13 04:00:00,-0.38846347
2025-02-13 05:00:00,-0.46800146
2025-02-13 06:00:00,-0.42159146
2025-02-13 07:00:00,-0.13961947
2025-02-13 08:00:00,0.088445775
2025-02-13 09:00:00,0.24203739
2025-02-13 10:00:00,0.28128523
2025-02-13 11:00:00,0.16321543
2025-02-13 12:00:00,-0.005769798
2025-02-13 13:00:00,-0.13964108
2025-02-13 14:00:00,-0.25143638
2025-02-13 15:00:00,-0.34946156
2025-02-13 16:00:00,-0.4389918
2025-02-13 17:00:00,-0.5067716
2025-02-13 18:00:00,-0.39364257
2025-02-13 19:00:00,-0.10591815
2025-02-13 20:00:00,0.1522403
2025-02-13 21:00:00,0.34944862
2025-02-13 22:00:00,0.43007088
2025-02-13 23:00:00,0.33690995
2025-02-14 00:00:00,0.13748536
2025-02-14 01:00:00,-0.024132371
2025-02-14 02:00:00,-0.14518245
2025-02-14 03:00:00,-0.24841432
2025-02-14 04:00:00,-0.34731722
2025-02-14 05:00:00,-0.43842053
2025-02-14 06:00:00,-0.4934738
2025-02-14 07:00:00,-0.29675937
2025-02-14 08:00:00,-0.031223588
2025-02-14 09:00:00,0.17136165
2025-02-14 10:00:00,0.2776669
2025-02-14 11:00:00,0.23439322
2025-02-14 12:00:00,0.061462644
2025-02-14 13:00:00,-0.08993843
2025-02-14 14:00:00,-0.20859693
2025-02-14 15:00:00,-0.30938423
2025-02-14 16:00:00,-0.40207237
2025-02-14 17:00:00,-0.48415792
2025-02-14 18:00:00,-0.509615
2025-02-14 19:00:00,-0.26732326
2025-02-14 20:00:00,0.005400547
2025-02-14 21:00:00,0.23874168
2025-02-14 22:00:00,0.38245854
2025-02-14 23:00:00,0.37528685
2025-02-15 00:00:00,0.20173948
2025-02-15 01:00:00,0.024197923
2025-02-15 02:00:00,-0.112636454
2025-02-15 03:00:00,-0.21917762
2025-02-15 04:00:00,-0.31768075
2025-02-15 05:00:00,-0.41120222
2025-02-15 06:00:00,-0.4894255
2025-02-15 07:00:00,-0.4261356
2025-02-15 08:00:00,-0.13738297
2025-02-15 09:00:00,0.09994319
2025-02-15 10:00:00,0.26154143
2025-02-15 11:00:00,0.30184093
2025-02-15 12:00:00,0.18112591
2025-02-15 13:00:00,0.010532782
2025-02-15 14:00:00,-0.12592527
2025-02-15 15:00:00,-0.23714252
2025-02-15 16:00:00,-0.33378103
2025-02-15 17:00:00,-0.42311925
2025-02-15 18:00:00,-0.49214563
2025-02-15 19:00:00,-0.39152247
2025-02-15 20:00:00,-0.10478652
2025-02-15 21:00:00,0.14857373
2025-02-15 22:00:00,0.33397144
2025-02-15 23:00:00,0.39348242
2025-02-16 00:00:00,0.27606472
2025-02-16 01:00:00,0.08403885
2025-02-16 02:00:00,-0.067543305
2025-02-16 03:00:00,-0.18198265
2025-02-16 04:00:00,-0.28181767
2025-02-16 05:00:00,-0.37700158
2025-02-16 06:00:00,-0.46153775
2025-02-16 07:00:00,-0.49049306
2025-02-16 08:00:00,-0.25526917
2025-02-16 09:00:00,-0.0022623418
2025-02-16 10:00:00,0.19928609
2025-02-16 11:00:00,0.3042592
2025-02-16 12:00:00,0.26202393
2025-02-16 13:00:00,0.09275969
2025-02-16 14:00:00,-0.061526395
2025-02-16 15:00:00,-0.18409057
2025-02-16 16:00:00,-0.28544936
2025-02-16 17:00:00,-0.37669367
2025-02-16 18:00:00,-0.455695
2025-02-16 19:00:00,-0.4615504
2025-02-16 20:00:00,-0.21299894
2025-02-16 21:00:00,0.042143926
2025-02-16 22:00:00,0.25183386
2025-02-16 23:00:00,0.35901964
2025-02-17 00:00:00,0.30376798
2025-02-17 01:00:00,0.11817269
2025-02-17 02:00:00,-0.041289564
2025-02-17 03:00:00,-0.16582291
2025-02-17 04:00:00,-0.26854688
2025-02-17 05:00:00,-0.36371294
2025-02-17 06:00:00,-0.45046583
2025-02-17 07:00:00,-0.5123645
2025-02-17 08:00:00,-0.39276227
2025-02-17 09:00:00,-0.13737138
2025-02-17 10:00:00,0.080921575
2025-02-17 11:00:00,0.23077776
2025-02-17 12:00:00,0.26560017
2025-02-17 13:00:00,0.14829534
2025-02-17 14:00:00,-0.019370131
2025-02-17 15:00:00,-0.14920983
2025-02-17 16:00:00,-0.25592265
2025-02-17 17:00:00,-0.34931198
2025-02-17 18:00:00,-0.4334565
